"Name","Length","FullPath","CurrentDir"
,"0","\cwdpn","cwdpn"
,"0","\cwdpn\mnm","mnm"
"grgj","82227","\cwdpn\mnm","mnm"
,"0","\cwdpn\mnm\plldwn","plldwn"
"gtpgsvv.jch","114478","\cwdpn\mnm\plldwn","plldwn"
"gzggrfm.rtw","58874","\cwdpn\mnm\plldwn","plldwn"
"nrsrmplp","247491","\cwdpn\mnm\plldwn","plldwn"
"nzrdgsgm.fzh","114552","\cwdpn\mnm\plldwn","plldwn"
,"0","\cwdpn\mnm\plldwn\prwm","prwm"
"rpglpmr.zbh","269910","\cwdpn\mnm\plldwn\prwm","prwm"
,"0","\cwdpn\mnm\rtpjd","rtpjd"
"wfjltczw.qnc","65341","\cwdpn\mnm\rtpjd","rtpjd"
,"0","\cwdpn\mnm\rtpjd\pnrbvd","pnrbvd"
"rpglpmr.zbh","99117","\cwdpn\mnm\rtpjd\pnrbvd","pnrbvd"
,"0","\cwdpn\mnm\shvplq","shvplq"
"glghcqs","192167","\cwdpn\mnm\shvplq","shvplq"
"gvzbt","182737","\cwdpn\mnm\shvplq","shvplq"
"pnrbvd","175694","\cwdpn\mnm\shvplq","shvplq"
"tmz","93278","\cwdpn\mnm\shvplq","shvplq"
,"0","\cwdpn\nmsvc","nmsvc"
"czqnrq","59203","\cwdpn\nmsvc","nmsvc"
"qrjzrq","49699","\cwdpn\nmsvc","nmsvc"
"rmfqqbsj.rzn","221657","\cwdpn\nmsvc","nmsvc"
"rzbgdgp.rpn","45989","\cwdpn\nmsvc","nmsvc"
,"0","\cwdpn\nmsvc\bjnvmpc","bjnvmpc"
"gclrw.gzs","181885","\cwdpn\nmsvc\bjnvmpc","bjnvmpc"
,"0","\cwdpn\nmsvc\bjnvmpc\gfjts","gfjts"
"grgj","236177","\cwdpn\nmsvc\bjnvmpc\gfjts","gfjts"
,"0","\cwdpn\nmsvc\bjnvmpc\hqlmzshr","hqlmzshr"
"gpqcdjhl.ctd","228388","\cwdpn\nmsvc\bjnvmpc\hqlmzshr","hqlmzshr"
,"0","\cwdpn\nmsvc\bjnvmpc\smqzqrm","smqzqrm"
"dqvvd","170034","\cwdpn\nmsvc\bjnvmpc\smqzqrm","smqzqrm"
,"0","\cwdpn\nmsvc\jstfcllw","jstfcllw"
,"0","\cwdpn\nmsvc\jstfcllw\bjnvmpc","bjnvmpc"
"lzd","204754","\cwdpn\nmsvc\jstfcllw\bjnvmpc","bjnvmpc"
"pnrbvd","48598","\cwdpn\nmsvc\jstfcllw\bjnvmpc","bjnvmpc"
"vmn","211685","\cwdpn\nmsvc\jstfcllw\bjnvmpc","bjnvmpc"
,"0","\cwdpn\nmsvc\jstfcllw\bjnvmpc\fmjlrc","fmjlrc"
"rpglpmr.zbh","169343","\cwdpn\nmsvc\jstfcllw\bjnvmpc\fmjlrc","fmjlrc"
,"0","\cwdpn\nmsvc\jtqgbwhb","jtqgbwhb"
"rqplnfz.dpq","179486","\cwdpn\nmsvc\jtqgbwhb","jtqgbwhb"
,"0","\cwdpn\nmsvc\jtqgbwhb\bjnvmpc","bjnvmpc"
"pnrbvd.tsw","76133","\cwdpn\nmsvc\jtqgbwhb\bjnvmpc","bjnvmpc"
"strq.pjn","266667","\cwdpn\nmsvc\jtqgbwhb\bjnvmpc","bjnvmpc"
"zvzhfjq.vwv","242869","\cwdpn\nmsvc\jtqgbwhb\bjnvmpc","bjnvmpc"
,"0","\cwdpn\nmsvc\jtqgbwhb\bjnvmpc\dbglngc","dbglngc"
"wddhnvl.lsq","253571","\cwdpn\nmsvc\jtqgbwhb\bjnvmpc\dbglngc","dbglngc"
,"0","\cwdpn\nmsvc\jtqgbwhb\bjnvmpc\dbglngc\hbfbvdr","hbfbvdr"
"nmsvc.mpf","36586","\cwdpn\nmsvc\jtqgbwhb\bjnvmpc\dbglngc\hbfbvdr","hbfbvdr"
,"0","\cwdpn\nmsvc\jtqgbwhb\bjnvmpc\dbglngc\tlsd","tlsd"
"phd.phb","78854","\cwdpn\nmsvc\jtqgbwhb\bjnvmpc\dbglngc\tlsd","tlsd"
,"0","\cwdpn\nmsvc\jtqgbwhb\bjnvmpc\rdb","rdb"
"drz.gjs","102680","\cwdpn\nmsvc\jtqgbwhb\bjnvmpc\rdb","rdb"
,"0","\cwdpn\nmsvc\jtqgbwhb\ddjpm","ddjpm"
"cbc.rtp","227450","\cwdpn\nmsvc\jtqgbwhb\ddjpm","ddjpm"
"ltnhnzg.gqb","71376","\cwdpn\nmsvc\jtqgbwhb\ddjpm","ddjpm"
"vpr","86244","\cwdpn\nmsvc\jtqgbwhb\ddjpm","ddjpm"
,"0","\cwdpn\nmsvc\jtqgbwhb\fmtpwm","fmtpwm"
"grgj","65644","\cwdpn\nmsvc\jtqgbwhb\fmtpwm","fmtpwm"
"swffpq.nnc","92435","\cwdpn\nmsvc\jtqgbwhb\fmtpwm","fmtpwm"
,"0","\cwdpn\nmsvc\jtqgbwhb\fmtpwm\ggpctlh","ggpctlh"
"gdc","104193","\cwdpn\nmsvc\jtqgbwhb\fmtpwm\ggpctlh","ggpctlh"
,"0","\cwdpn\nmsvc\jtqgbwhb\fmtpwm\ggpctlh\rdmgrtzl","rdmgrtzl"
"swffpq.nnc","28086","\cwdpn\nmsvc\jtqgbwhb\fmtpwm\ggpctlh\rdmgrtzl","rdmgrtzl"
,"0","\cwdpn\nmsvc\ltqjb","ltqjb"
,"0","\cwdpn\nmsvc\ltqjb\jstfcllw","jstfcllw"
"rsrsnh.fjf","165962","\cwdpn\nmsvc\ltqjb\jstfcllw","jstfcllw"
,"0","\cwdpn\nmsvc\ltqjb\qjgbt","qjgbt"
,"0","\cwdpn\nmsvc\ltqjb\qjgbt\vjrdcjbr","vjrdcjbr"
,"0","\cwdpn\nmsvc\ltqjb\qjgbt\vjrdcjbr\swvlpql","swvlpql"
,"0","\cwdpn\nmsvc\ltqjb\qjgbt\vjrdcjbr\swvlpql\lqrf","lqrf"
"hbjtfmfw.bbs","26615","\cwdpn\nmsvc\ltqjb\qjgbt\vjrdcjbr\swvlpql\lqrf","lqrf"
,"0","\cwdpn\nmsvc\ltqjb\qjgbt\vjrdcjbr\swvlpql\nmsvc","nmsvc"
"bpfj","23820","\cwdpn\nmsvc\ltqjb\qjgbt\vjrdcjbr\swvlpql\nmsvc","nmsvc"
"llpmvt.hhm","77703","\cwdpn\nmsvc\ltqjb\qjgbt\vjrdcjbr\swvlpql\nmsvc","nmsvc"
"tbbvnzvq","220326","\cwdpn\nmsvc\ltqjb\qjgbt\vjrdcjbr\swvlpql\nmsvc","nmsvc"
,"0","\cwdpn\nmsvc\ltqjb\qjgbt\vjrdcjbr\swvlpql\wnvtfmfw","wnvtfmfw"
"rpglpmr.zbh","109078","\cwdpn\nmsvc\ltqjb\qjgbt\vjrdcjbr\swvlpql\wnvtfmfw","wnvtfmfw"
,"0","\cwdpn\nmsvc\ltqjb\qjgbt\vjrdcjbr\wmm","wmm"
,"0","\cwdpn\nmsvc\ltqjb\qjgbt\vjrdcjbr\wmm\nmsvc","nmsvc"
"zqhwwt.vnj","285836","\cwdpn\nmsvc\ltqjb\qjgbt\vjrdcjbr\wmm\nmsvc","nmsvc"
,"0","\cwdpn\nmsvc\ltqjb\rstzf","rstzf"
"qfnjbcb.pdr","226698","\cwdpn\nmsvc\ltqjb\rstzf","rstzf"
"swffpq.nnc","234472","\cwdpn\nmsvc\ltqjb\rstzf","rstzf"
,"0","\cwdpn\nmsvc\ltqjb\rstzf\bjnvmpc","bjnvmpc"
"jstfcllw.wgq","118290","\cwdpn\nmsvc\ltqjb\rstzf\bjnvmpc","bjnvmpc"
,"0","\cwdpn\nmsvc\ltqjb\rstzf\bjnvmpc\mtctn","mtctn"
"jstfcllw","230555","\cwdpn\nmsvc\ltqjb\rstzf\bjnvmpc\mtctn","mtctn"
,"0","\cwdpn\nmsvc\ltqjb\rstzf\bjnvmpc\mtctn\nfb","nfb"
"grgj","227496","\cwdpn\nmsvc\ltqjb\rstzf\bjnvmpc\mtctn\nfb","nfb"
"mjwp","154342","\cwdpn\nmsvc\ltqjb\rstzf\bjnvmpc\mtctn\nfb","nfb"
,"0","\cwdpn\nmsvc\ltqjb\rstzf\bjnvmpc\mtctn\nfb\bqjczmcr","bqjczmcr"
"fzqd","19020","\cwdpn\nmsvc\ltqjb\rstzf\bjnvmpc\mtctn\nfb\bqjczmcr","bqjczmcr"
,"0","\cwdpn\nmsvc\ltqjb\rstzf\bjnvmpc\mtctn\nfb\brhvhl","brhvhl"
"vtvhvh","255839","\cwdpn\nmsvc\ltqjb\rstzf\bjnvmpc\mtctn\nfb\brhvhl","brhvhl"
,"0","\cwdpn\nmsvc\ltqjb\rstzf\bjnvmpc\mtctn\pfqv","pfqv"
"ftccr.qlz","155078","\cwdpn\nmsvc\ltqjb\rstzf\bjnvmpc\mtctn\pfqv","pfqv"
,"0","\cwdpn\nmsvc\ltqjb\rstzf\bjnvmpc\rjcpn","rjcpn"
"fvr.smf","180441","\cwdpn\nmsvc\ltqjb\rstzf\bjnvmpc\rjcpn","rjcpn"
"npbmlv.zst","139942","\cwdpn\nmsvc\ltqjb\rstzf\bjnvmpc\rjcpn","rjcpn"
"rjg.jqj","237442","\cwdpn\nmsvc\ltqjb\rstzf\bjnvmpc\rjcpn","rjcpn"
"wnwgz.qjp","192628","\cwdpn\nmsvc\ltqjb\rstzf\bjnvmpc\rjcpn","rjcpn"
,"0","\cwdpn\nmsvc\ltqjb\rstzf\bjnvmpc\rjcpn\ggjrm","ggjrm"
,"0","\cwdpn\nmsvc\ltqjb\rstzf\bjnvmpc\rjcpn\ggjrm\drjzphm","drjzphm"
"wbzh.nzw","188844","\cwdpn\nmsvc\ltqjb\rstzf\bjnvmpc\rjcpn\ggjrm\drjzphm","drjzphm"
,"0","\cwdpn\nmsvc\ltqjb\rstzf\bjnvmpc\rjcpn\llpmvt","llpmvt"
"llpmvt.ldp","10806","\cwdpn\nmsvc\ltqjb\rstzf\bjnvmpc\rjcpn\llpmvt","llpmvt"
"nmsvc","31293","\cwdpn\nmsvc\ltqjb\rstzf\bjnvmpc\rjcpn\llpmvt","llpmvt"
,"0","\cwdpn\nmsvc\ltqjb\rstzf\bjnvmpc\rjcpn\llpmvt\bhdpfpb","bhdpfpb"
"wjlwf","78642","\cwdpn\nmsvc\ltqjb\rstzf\bjnvmpc\rjcpn\llpmvt\bhdpfpb","bhdpfpb"
,"0","\cwdpn\nmsvc\ltqjb\rstzf\bjnvmpc\rjcpn\llpmvt\jstfcllw","jstfcllw"
"qrdfwls.ncz","234658","\cwdpn\nmsvc\ltqjb\rstzf\bjnvmpc\rjcpn\llpmvt\jstfcllw","jstfcllw"
,"0","\cwdpn\nmsvc\ltqjb\rstzf\bjnvmpc\rjcpn\llpmvt\pvz","pvz"
"nfjsfjvt.zln","194879","\cwdpn\nmsvc\ltqjb\rstzf\bjnvmpc\rjcpn\llpmvt\pvz","pvz"
,"0","\cwdpn\nmsvc\ltqjb\rstzf\bjnvmpc\rjcpn\llpmvt\qntnwf","qntnwf"
"mngq.qqb","225789","\cwdpn\nmsvc\ltqjb\rstzf\bjnvmpc\rjcpn\llpmvt\qntnwf","qntnwf"
,"0","\cwdpn\nmsvc\ltqjb\rstzf\bjnvmpc\tbrccw","tbrccw"
"npbmlv.zst","136331","\cwdpn\nmsvc\ltqjb\rstzf\bjnvmpc\tbrccw","tbrccw"
"rpglpmr.zbh","130573","\cwdpn\nmsvc\ltqjb\rstzf\bjnvmpc\tbrccw","tbrccw"
,"0","\cwdpn\nmsvc\ltqjb\rstzf\bjnvmpc\tbrccw\llpmvt","llpmvt"
,"0","\cwdpn\nmsvc\ltqjb\rstzf\bjnvmpc\tbrccw\llpmvt\bjnvmpc","bjnvmpc"
"cdt.scr","271647","\cwdpn\nmsvc\ltqjb\rstzf\bjnvmpc\tbrccw\llpmvt\bjnvmpc","bjnvmpc"
,"0","\cwdpn\nmsvc\ltqjb\rstzf\bjnvmpc\tbrccw\nmsvc","nmsvc"
"llpmvt","185622","\cwdpn\nmsvc\ltqjb\rstzf\bjnvmpc\tbrccw\nmsvc","nmsvc"
"npbmlv.zst","102596","\cwdpn\nmsvc\ltqjb\rstzf\bjnvmpc\tbrccw\nmsvc","nmsvc"
"wnwgz.qjp","240","\cwdpn\nmsvc\ltqjb\rstzf\bjnvmpc\tbrccw\nmsvc","nmsvc"
"zlgplvb","157313","\cwdpn\nmsvc\ltqjb\rstzf\bjnvmpc\tbrccw\nmsvc","nmsvc"
,"0","\cwdpn\nmsvc\ltqjb\rstzf\bjnvmpc\tbrccw\scpwzh","scpwzh"
"tncccs.lgn","270091","\cwdpn\nmsvc\ltqjb\rstzf\bjnvmpc\tbrccw\scpwzh","scpwzh"
,"0","\cwdpn\nmsvc\ltqjb\rstzf\fwmvpthq","fwmvpthq"
"png.zts","109316","\cwdpn\nmsvc\ltqjb\rstzf\fwmvpthq","fwmvpthq"
"qnqjmn","90010","\cwdpn\nmsvc\ltqjb\rstzf\fwmvpthq","fwmvpthq"
"rpglpmr.zbh","193177","\cwdpn\nmsvc\ltqjb\rstzf\fwmvpthq","fwmvpthq"
"rwvbqll.gvg","283398","\cwdpn\nmsvc\ltqjb\rstzf\fwmvpthq","fwmvpthq"
,"0","\cwdpn\nmsvc\ltqjb\rstzf\fwmvpthq\llpmvt","llpmvt"
"fblf.dlq","59723","\cwdpn\nmsvc\ltqjb\rstzf\fwmvpthq\llpmvt","llpmvt"
,"0","\cwdpn\nmsvc\ltqjb\rstzf\fwmvpthq\llpmvt\bgvjb","bgvjb"
,"0","\cwdpn\nmsvc\ltqjb\rstzf\fwmvpthq\llpmvt\bgvjb\gjtj","gjtj"
"mqd.jpq","74258","\cwdpn\nmsvc\ltqjb\rstzf\fwmvpthq\llpmvt\bgvjb\gjtj","gjtj"
,"0","\cwdpn\nmsvc\ltqjb\rstzf\fwmvpthq\llpmvt\bgvjb\nmsvc","nmsvc"
"dqcl.gzn","227910","\cwdpn\nmsvc\ltqjb\rstzf\fwmvpthq\llpmvt\bgvjb\nmsvc","nmsvc"
"llpmvt.sdv","286951","\cwdpn\nmsvc\ltqjb\rstzf\fwmvpthq\llpmvt\bgvjb\nmsvc","nmsvc"
,"0","\cwdpn\nmsvc\ltqjb\rstzf\fwmvpthq\llpmvt\bgvjb\wrwsn","wrwsn"
"qjhfjfmb.dms","191813","\cwdpn\nmsvc\ltqjb\rstzf\fwmvpthq\llpmvt\bgvjb\wrwsn","wrwsn"
,"0","\cwdpn\nmsvc\ltqjb\rstzf\fwmvpthq\nmsvc","nmsvc"
"llpmvt.tms","7096","\cwdpn\nmsvc\ltqjb\rstzf\fwmvpthq\nmsvc","nmsvc"
"nfgvtghz.gws","102123","\cwdpn\nmsvc\ltqjb\rstzf\fwmvpthq\nmsvc","nmsvc"
"swffpq.nnc","160466","\cwdpn\nmsvc\ltqjb\rstzf\fwmvpthq\nmsvc","nmsvc"
,"0","\cwdpn\nmsvc\ltqjb\rstzf\fwmvpthq\ntmfpmr","ntmfpmr"
"llpmvt","266774","\cwdpn\nmsvc\ltqjb\rstzf\fwmvpthq\ntmfpmr","ntmfpmr"
,"0","\cwdpn\nmsvc\ltqjb\rstzf\fwmvpthq\pnrbvd","pnrbvd"
"pnrbvd.bmg","181175","\cwdpn\nmsvc\ltqjb\rstzf\fwmvpthq\pnrbvd","pnrbvd"
"qpw.vtm","164233","\cwdpn\nmsvc\ltqjb\rstzf\fwmvpthq\pnrbvd","pnrbvd"
,"0","\cwdpn\nmsvc\ltqjb\rstzf\fwmvpthq\pnrbvd\bbpq","bbpq"
"nbc","125821","\cwdpn\nmsvc\ltqjb\rstzf\fwmvpthq\pnrbvd\bbpq","bbpq"
,"0","\cwdpn\nmsvc\ltqjb\rstzf\fwmvpthq\pnrbvd\nmsvc","nmsvc"
"wthm.twj","40100","\cwdpn\nmsvc\ltqjb\rstzf\fwmvpthq\pnrbvd\nmsvc","nmsvc"
,"0","\cwdpn\nmsvc\ltqjb\rstzf\fwmvpthq\shgtbbfw","shgtbbfw"
,"0","\cwdpn\nmsvc\ltqjb\rstzf\fwmvpthq\shgtbbfw\zpjqjtsl","zpjqjtsl"
"wnwgz.qjp","112507","\cwdpn\nmsvc\ltqjb\rstzf\fwmvpthq\shgtbbfw\zpjqjtsl","zpjqjtsl"
,"0","\cwdpn\nmsvc\ltqjb\rstzf\llpmvt","llpmvt"
"gvgstl","199105","\cwdpn\nmsvc\ltqjb\rstzf\llpmvt","llpmvt"
"npbmlv.zst","133701","\cwdpn\nmsvc\ltqjb\rstzf\llpmvt","llpmvt"
"rpglpmr.zbh","102349","\cwdpn\nmsvc\ltqjb\rstzf\llpmvt","llpmvt"
,"0","\cwdpn\nmsvc\ltqjb\rstzf\llpmvt\nmsvc","nmsvc"
"cbrggdvl.glv","89208","\cwdpn\nmsvc\ltqjb\rstzf\llpmvt\nmsvc","nmsvc"
"dzm.hlr","176669","\cwdpn\nmsvc\ltqjb\rstzf\llpmvt\nmsvc","nmsvc"
,"0","\cwdpn\nmsvc\ltqjb\rstzf\llpmvt\pnrbvd","pnrbvd"
"llpmvt.wwb","178532","\cwdpn\nmsvc\ltqjb\rstzf\llpmvt\pnrbvd","pnrbvd"
,"0","\cwdpn\nmsvc\ltqjb\rstzf\llpmvt\pnrbvd\hchfn","hchfn"
"jpzqrgfn.jhl","51572","\cwdpn\nmsvc\ltqjb\rstzf\llpmvt\pnrbvd\hchfn","hchfn"
"qntdtr.jtc","281362","\cwdpn\nmsvc\ltqjb\rstzf\llpmvt\pnrbvd\hchfn","hchfn"
,"0","\cwdpn\nmsvc\ltqjb\rstzf\llpmvt\pnrbvd\llpmvt","llpmvt"
"cdvpwbj","63202","\cwdpn\nmsvc\ltqjb\rstzf\llpmvt\pnrbvd\llpmvt","llpmvt"
"sjs.dql","255774","\cwdpn\nmsvc\ltqjb\rstzf\llpmvt\pnrbvd\llpmvt","llpmvt"
"wnwgz.qjp","60903","\cwdpn\nmsvc\ltqjb\rstzf\llpmvt\pnrbvd\llpmvt","llpmvt"
"zbhwbff","274603","\cwdpn\nmsvc\ltqjb\rstzf\llpmvt\pnrbvd\llpmvt","llpmvt"
,"0","\cwdpn\nmsvc\ltqjb\rstzf\mpz","mpz"
,"0","\cwdpn\nmsvc\ltqjb\rstzf\mpz\gdfwttff","gdfwttff"
"rpglpmr.zbh","40626","\cwdpn\nmsvc\ltqjb\rstzf\mpz\gdfwttff","gdfwttff"
,"0","\cwdpn\nmsvc\ltqjb\rstzf\mpz\njptwz","njptwz"
,"0","\cwdpn\nmsvc\ltqjb\rstzf\mpz\njptwz\jstfcllw","jstfcllw"
"grgj","69007","\cwdpn\nmsvc\ltqjb\rstzf\mpz\njptwz\jstfcllw","jstfcllw"
,"0","\cwdpn\nmsvc\ltqjb\rstzf\mpz\pnrbvd","pnrbvd"
"rjvtctv","153157","\cwdpn\nmsvc\ltqjb\rstzf\mpz\pnrbvd","pnrbvd"
,"0","\cwdpn\nmsvc\ltqjb\rstzf\mpz\zcvn","zcvn"
"llpmvt.swg","157128","\cwdpn\nmsvc\ltqjb\rstzf\mpz\zcvn","zcvn"
,"0","\cwdpn\nmsvc\ltqjb\rstzf\qpvnfl","qpvnfl"
"jstfcllw","234947","\cwdpn\nmsvc\ltqjb\rstzf\qpvnfl","qpvnfl"
,"0","\cwdpn\nmsvc\ltqjb\rstzf\rmrngqdg","rmrngqdg"
"llpmvt","80105","\cwdpn\nmsvc\ltqjb\rstzf\rmrngqdg","rmrngqdg"
"llpmvt.plc","185789","\cwdpn\nmsvc\ltqjb\rstzf\rmrngqdg","rmrngqdg"
,"0","\cwdpn\nmsvc\ltqjb\rstzf\rmrngqdg\bjnvmpc","bjnvmpc"
"swffpq.nnc","181438","\cwdpn\nmsvc\ltqjb\rstzf\rmrngqdg\bjnvmpc","bjnvmpc"
,"0","\cwdpn\nmsvc\ltqjb\rstzf\rmrngqdg\wvg","wvg"
"ppcjtdbd.blr","191048","\cwdpn\nmsvc\ltqjb\rstzf\rmrngqdg\wvg","wvg"
,"0","\cwdpn\nmsvc\ltqjb\rstzf\rmrngqdg\wvg\hlwjtqzj","hlwjtqzj"
"pnrbvd.psv","9887","\cwdpn\nmsvc\ltqjb\rstzf\rmrngqdg\wvg\hlwjtqzj","hlwjtqzj"
,"0","\cwdpn\nmsvc\tmrn","tmrn"
"dbwl","271916","\cwdpn\nmsvc\tmrn","tmrn"
"gcfhvjj","9555","\cwdpn\nmsvc\tmrn","tmrn"
"grgj","198388","\cwdpn\nmsvc\tmrn","tmrn"
"pnrbvd.qbj","246330","\cwdpn\nmsvc\tmrn","tmrn"
,"0","\cwdpn\nmsvc\tmrn\zzmpts","zzmpts"
,"0","\cwdpn\nmsvc\tmrn\zzmpts\zmsbdc","zmsbdc"
"swffpq.nnc","204067","\cwdpn\nmsvc\tmrn\zzmpts\zmsbdc","zmsbdc"
,"0","\cwdpn\nmsvc\vzvwphz","vzvwphz"
"wnwgz.qjp","103462","\cwdpn\nmsvc\vzvwphz","vzvwphz"
,"0","\cwdpn\nmsvc\vzvwphz\nmsvc","nmsvc"
,"0","\cwdpn\nmsvc\vzvwphz\nmsvc\bqvdvllf","bqvdvllf"
"grgj","61744","\cwdpn\nmsvc\vzvwphz\nmsvc\bqvdvllf","bqvdvllf"
"lsmjt","154294","\cwdpn\nmsvc\vzvwphz\nmsvc\bqvdvllf","bqvdvllf"
,"0","\cwdpn\nmsvc\vzvwphz\nmsvc\ghdlvvfs","ghdlvvfs"
"nmsvc.nwd","277273","\cwdpn\nmsvc\vzvwphz\nmsvc\ghdlvvfs","ghdlvvfs"
,"0","\cwdpn\nmsvc\vzvwphz\ntmmcjh","ntmmcjh"
"ffdgnspv.bhb","124476","\cwdpn\nmsvc\vzvwphz\ntmmcjh","ntmmcjh"
"jstfcllw.phg","110867","\cwdpn\nmsvc\vzvwphz\ntmmcjh","ntmmcjh"
"jstfcllw.vbf","12568","\cwdpn\nmsvc\vzvwphz\ntmmcjh","ntmmcjh"
"npbmlv.zst","19181","\cwdpn\nmsvc\vzvwphz\ntmmcjh","ntmmcjh"
,"0","\cwdpn\nmsvc\vzvwphz\rvwjl","rvwjl"
"jstfcllw.fhg","57593","\cwdpn\nmsvc\vzvwphz\rvwjl","rvwjl"
"jstfcllw.gwq","221008","\cwdpn\nmsvc\vzvwphz\rvwjl","rvwjl"
"lwrbqz.dqm","12478","\cwdpn\nmsvc\vzvwphz\rvwjl","rvwjl"
"rsrjp.hvp","149624","\cwdpn\nmsvc\vzvwphz\rvwjl","rvwjl"
,"0","\cwdpn\nmsvc\vzvwphz\rvwjl\jstfcllw","jstfcllw"
"pnrbvd","131800","\cwdpn\nmsvc\vzvwphz\rvwjl\jstfcllw","jstfcllw"
"wnwgz.qjp","20154","\cwdpn\nmsvc\vzvwphz\rvwjl\jstfcllw","jstfcllw"
,"0","\cwdpn\rgbdq","rgbdq"
"ffqnrsh.qmc","135946","\cwdpn\rgbdq","rgbdq"
"grgj","186972","\cwdpn\rgbdq","rgbdq"
"nmsvc","151369","\cwdpn\rgbdq","rgbdq"
"qgtllf","125605","\cwdpn\rgbdq","rgbdq"
"zhwtbml.zsz","165348","\cwdpn\rgbdq","rgbdq"
,"0","\drzllllv","drzllllv"
"pnrbvd.gdv","209144","\drzllllv","drzllllv"
,"0","\drzllllv\mzfzzgsv","mzfzzgsv"
"pnrbvd.fsp","237212","\drzllllv\mzfzzgsv","mzfzzgsv"
,"0","\fqflwvh","fqflwvh"
"grgj","10557","\fqflwvh","fqflwvh"
"gslbvz.gch","11071","\fqflwvh","fqflwvh"
"mlhnjvhq","209490","\fqflwvh","fqflwvh"
"nmlcf","99206","\fqflwvh","fqflwvh"
"rpglpmr.zbh","139022","\fqflwvh","fqflwvh"
,"0","\fqflwvh\jzlgzd","jzlgzd"
"zhvgczs.rwv","223773","\fqflwvh\jzlgzd","jzlgzd"
,"0","\fqflwvh\jzwwgjh","jzwwgjh"
"fvm.tdd","80522","\fqflwvh\jzwwgjh","jzwwgjh"
,"0","\fqflwvh\nfh","nfh"
"bnnb.mzf","219887","\fqflwvh\nfh","nfh"
"grgj","145633","\fqflwvh\nfh","nfh"
"llpmvt","93312","\fqflwvh\nfh","nfh"
"mfdfjzrw.lzh","65642","\fqflwvh\nfh","nfh"
"nmsvc","269811","\fqflwvh\nfh","nfh"
,"0","\fqflwvh\nfh\bfj","bfj"
,"0","\fqflwvh\nfh\bfj\bzrfbfp","bzrfbfp"
"swffpq.nnc","34834","\fqflwvh\nfh\bfj\bzrfbfp","bzrfbfp"
,"0","\fqflwvh\nfh\bfj\pnrbvd","pnrbvd"
"wnwgz.qjp","68732","\fqflwvh\nfh\bfj\pnrbvd","pnrbvd"
,"0","\fqflwvh\nfh\bfj\rbq","rbq"
"grgh.vwl","91779","\fqflwvh\nfh\bfj\rbq","rbq"
,"0","\fqflwvh\nfh\bjnvmpc","bjnvmpc"
"jstfcllw","114048","\fqflwvh\nfh\bjnvmpc","bjnvmpc"
,"0","\fqflwvh\nfh\nbfsjvzn","nbfsjvzn"
"vbtsdf.dqn","44465","\fqflwvh\nfh\nbfsjvzn","nbfsjvzn"
"wnwgz.qjp","157458","\fqflwvh\nfh\nbfsjvzn","nbfsjvzn"
,"0","\fqflwvh\nfh\pnrbvd","pnrbvd"
"dhgbmdl.lbg","40294","\fqflwvh\nfh\pnrbvd","pnrbvd"
"fbghtps","119065","\fqflwvh\nfh\pnrbvd","pnrbvd"
"glbzmbn.jqd","271425","\fqflwvh\nfh\pnrbvd","pnrbvd"
"hsj.vws","231623","\fqflwvh\nfh\pnrbvd","pnrbvd"
,"0","\fqflwvh\nfh\qhn","qhn"
"hvcfgv","175155","\fqflwvh\nfh\qhn","qhn"
"llpmvt.vqf","30969","\fqflwvh\nfh\qhn","qhn"
"tgvzbm","276798","\fqflwvh\nfh\qhn","qhn"
,"0","\fqflwvh\nfh\qhn\fsgn","fsgn"
"grgj","30980","\fqflwvh\nfh\qhn\fsgn","fsgn"
"hsrlwwqg","116742","\fqflwvh\nfh\qhn\fsgn","fsgn"
"pnrbvd.vrm","194210","\fqflwvh\nfh\qhn\fsgn","fsgn"
"rjwvfz","105346","\fqflwvh\nfh\qhn\fsgn","fsgn"
"smpnrnm","182505","\fqflwvh\nfh\qhn\fsgn","fsgn"
,"0","\fqflwvh\nfh\qhn\fsgn\btpqsr","btpqsr"
"brf","98971","\fqflwvh\nfh\qhn\fsgn\btpqsr","btpqsr"
"lrpfbnht.fcz","79166","\fqflwvh\nfh\qhn\fsgn\btpqsr","btpqsr"
"pnrbvd.gnr","94138","\fqflwvh\nfh\qhn\fsgn\btpqsr","btpqsr"
"qhg","288381","\fqflwvh\nfh\qhn\fsgn\btpqsr","btpqsr"
,"0","\fqflwvh\nfh\qhn\fsgn\btpqsr\jcj","jcj"
"npbmlv.zst","189962","\fqflwvh\nfh\qhn\fsgn\btpqsr\jcj","jcj"
,"0","\fqflwvh\nfh\qhn\fsgn\hjgphwdc","hjgphwdc"
"npbmlv.zst","72389","\fqflwvh\nfh\qhn\fsgn\hjgphwdc","hjgphwdc"
,"0","\fqflwvh\nfh\qhn\fsgn\vwpsrq","vwpsrq"
"llpmvt.srd","43797","\fqflwvh\nfh\qhn\fsgn\vwpsrq","vwpsrq"
,"0","\fqflwvh\nfh\qhn\fsgn\vwpsrq\bnqwnmg","bnqwnmg"
"lvtj.vzc","281017","\fqflwvh\nfh\qhn\fsgn\vwpsrq\bnqwnmg","bnqwnmg"
,"0","\fqflwvh\nfh\qhn\fsgn\vwpsrq\ljjmwc","ljjmwc"
"fzb.rwh","239040","\fqflwvh\nfh\qhn\fsgn\vwpsrq\ljjmwc","ljjmwc"
,"0","\fqflwvh\nfh\qhn\fsgn\vwpsrq\nmsvc","nmsvc"
"thrgcv.bhr","262978","\fqflwvh\nfh\qhn\fsgn\vwpsrq\nmsvc","nmsvc"
,"0","\fqflwvh\nfh\qhn\lwmccr","lwmccr"
"grgj","166022","\fqflwvh\nfh\qhn\lwmccr","lwmccr"
,"0","\fqflwvh\nfh\qhn\svzhc","svzhc"
"jrhblvdc.nvm","208916","\fqflwvh\nfh\qhn\svzhc","svzhc"
"nmsvc.qms","133836","\fqflwvh\nfh\qhn\svzhc","svzhc"
"npbmlv.zst","4542","\fqflwvh\nfh\qhn\svzhc","svzhc"
"plwhmppw.phw","105516","\fqflwvh\nfh\qhn\svzhc","svzhc"
"zcdpgl.fjz","93339","\fqflwvh\nfh\qhn\svzhc","svzhc"
,"0","\fqflwvh\nfh\qhn\svzhc\hpp","hpp"
"rggng.zbj","35124","\fqflwvh\nfh\qhn\svzhc\hpp","hpp"
"szbqvgcg.mnc","238667","\fqflwvh\nfh\qhn\svzhc\hpp","hpp"
,"0","\fqflwvh\nfh\qhn\svzhc\hpp\gnj","gnj"
"zwdttf","188603","\fqflwvh\nfh\qhn\svzhc\hpp\gnj","gnj"
,"0","\fqflwvh\nfh\qhn\svzhc\hpp\nprpdwj","nprpdwj"
,"0","\fqflwvh\nfh\qhn\svzhc\hpp\nprpdwj\jstfcllw","jstfcllw"
"rpglpmr.zbh","149966","\fqflwvh\nfh\qhn\svzhc\hpp\nprpdwj\jstfcllw","jstfcllw"
,"0","\fqflwvh\nfh\qhn\svzhc\hpp\pwg","pwg"
"wwpgmrhq","45034","\fqflwvh\nfh\qhn\svzhc\hpp\pwg","pwg"
,"0","\fqflwvh\nfh\qhn\svzhc\hpp\zswbcbpz","zswbcbpz"
"llpmvt","269836","\fqflwvh\nfh\qhn\svzhc\hpp\zswbcbpz","zswbcbpz"
"sntr","129184","\fqflwvh\nfh\qhn\svzhc\hpp\zswbcbpz","zswbcbpz"
,"0","\fqflwvh\nfh\qhn\svzhc\pnrbvd","pnrbvd"
"rpglpmr.zbh","135401","\fqflwvh\nfh\qhn\svzhc\pnrbvd","pnrbvd"
,"0","\fqflwvh\nfh\qhn\vblpsfqz","vblpsfqz"
"qdqrlsz.zgz","54358","\fqflwvh\nfh\qhn\vblpsfqz","vblpsfqz"
,"0","\fqflwvh\nfh\rphmrdnc","rphmrdnc"
"jzlgndht","189190","\fqflwvh\nfh\rphmrdnc","rphmrdnc"
,"0","\fqflwvh\nfh\vnjvqs","vnjvqs"
"wnwgz.qjp","254178","\fqflwvh\nfh\vnjvqs","vnjvqs"
,"0","\fqflwvh\nfh\zqgmm","zqgmm"
"wnwgz.qjp","85521","\fqflwvh\nfh\zqgmm","zqgmm"
,"0","\fqflwvh\nfh\zqgmm\cblp","cblp"
"rpglpmr.zbh","131189","\fqflwvh\nfh\zqgmm\cblp","cblp"
,"0","\fqflwvh\nfh\zqgmm\mvgjj","mvgjj"
"ddv","215880","\fqflwvh\nfh\zqgmm\mvgjj","mvgjj"
,"0","\fqflwvh\pqtgln","pqtgln"
"rpglpmr.zbh","80302","\fqflwvh\pqtgln","pqtgln"
"rrsghb.ddq","14147","\fqflwvh\pqtgln","pqtgln"
"zsrjpr.gwp","149326","\fqflwvh\pqtgln","pqtgln"
,"0","\jczm","jczm"
,"0","\jczm\bhwgcrm","bhwgcrm"
"wnwgz.qjp","257143","\jczm\bhwgcrm","bhwgcrm"
,"0","\jstfcllw","jstfcllw"
,"0","\jstfcllw\fnnjdr","fnnjdr"
,"0","\jstfcllw\fnnjdr\bjnvmpc","bjnvmpc"
"pnrbvd","160613","\jstfcllw\fnnjdr\bjnvmpc","bjnvmpc"
,"0","\jstfcllw\fnnjdr\bjnvmpc\ftlf","ftlf"
,"0","\jstfcllw\fnnjdr\bjnvmpc\ftlf\rrdzzgtg","rrdzzgtg"
"dpbchhz.jrl","43707","\jstfcllw\fnnjdr\bjnvmpc\ftlf\rrdzzgtg","rrdzzgtg"
,"0","\jstfcllw\fnnjdr\bjnvmpc\rhzsnr","rhzsnr"
"bjnvmpc.dlz","13607","\jstfcllw\fnnjdr\bjnvmpc\rhzsnr","rhzsnr"
"dqt.cdm","123612","\jstfcllw\fnnjdr\bjnvmpc\rhzsnr","rhzsnr"
"grgj","155260","\jstfcllw\fnnjdr\bjnvmpc\rhzsnr","rhzsnr"
"nmsvc","228650","\jstfcllw\fnnjdr\bjnvmpc\rhzsnr","rhzsnr"
"swffpq.nnc","229752","\jstfcllw\fnnjdr\bjnvmpc\rhzsnr","rhzsnr"
,"0","\jstfcllw\fnnjdr\bjnvmpc\rhzsnr\jstfcllw","jstfcllw"
"npbmlv.zst","101671","\jstfcllw\fnnjdr\bjnvmpc\rhzsnr\jstfcllw","jstfcllw"
,"0","\jstfcllw\fnnjdr\bjnvmpc\rhzsnr\jstfcllw\fcbs","fcbs"
,"0","\jstfcllw\fnnjdr\bjnvmpc\rhzsnr\jstfcllw\fcbs\qtsrhfv","qtsrhfv"
"wnwgz.qjp","94962","\jstfcllw\fnnjdr\bjnvmpc\rhzsnr\jstfcllw\fcbs\qtsrhfv","qtsrhfv"
,"0","\jstfcllw\fnnjdr\bjnvmpc\rhzsnr\llpmvt","llpmvt"
"mzw","23262","\jstfcllw\fnnjdr\bjnvmpc\rhzsnr\llpmvt","llpmvt"
"npbmlv.zst","267083","\jstfcllw\fnnjdr\bjnvmpc\rhzsnr\llpmvt","llpmvt"
,"0","\jstfcllw\fnnjdr\bjnvmpc\rhzsnr\llpmvt\bjnvmpc","bjnvmpc"
"bjnvmpc","211744","\jstfcllw\fnnjdr\bjnvmpc\rhzsnr\llpmvt\bjnvmpc","bjnvmpc"
,"0","\jstfcllw\fnnjdr\bjnvmpc\rhzsnr\llpmvt\gdjshcz","gdjshcz"
"swffpq.nnc","57871","\jstfcllw\fnnjdr\bjnvmpc\rhzsnr\llpmvt\gdjshcz","gdjshcz"
,"0","\jstfcllw\fnnjdr\bjnvmpc\rhzsnr\llpmvt\gtrdds","gtrdds"
,"0","\jstfcllw\fnnjdr\bjnvmpc\rhzsnr\llpmvt\gtrdds\ngl","ngl"
,"0","\jstfcllw\fnnjdr\bjnvmpc\rhzsnr\llpmvt\gtrdds\ngl\nqrwdstp","nqrwdstp"
,"0","\jstfcllw\fnnjdr\bjnvmpc\rhzsnr\llpmvt\gtrdds\ngl\nqrwdstp\fdz","fdz"
"wnwgz.qjp","254070","\jstfcllw\fnnjdr\bjnvmpc\rhzsnr\llpmvt\gtrdds\ngl\nqrwdstp\fdz","fdz"
,"0","\jstfcllw\fnnjdr\bjnvmpc\rhzsnr\llpmvt\nhwvgjcq","nhwvgjcq"
,"0","\jstfcllw\fnnjdr\bjnvmpc\rhzsnr\llpmvt\nhwvgjcq\llpmvt","llpmvt"
"grgj","245064","\jstfcllw\fnnjdr\bjnvmpc\rhzsnr\llpmvt\nhwvgjcq\llpmvt","llpmvt"
,"0","\jstfcllw\fnnjdr\bjnvmpc\rhzsnr\sbsqrg","sbsqrg"
"fcrw.wfs","39334","\jstfcllw\fnnjdr\bjnvmpc\rhzsnr\sbsqrg","sbsqrg"
,"0","\jstfcllw\fnnjdr\ccbn","ccbn"
"grgj","249206","\jstfcllw\fnnjdr\ccbn","ccbn"
"hdjdpdrq.sdw","174074","\jstfcllw\fnnjdr\ccbn","ccbn"
"llpmvt.wbd","255071","\jstfcllw\fnnjdr\ccbn","ccbn"
"swffpq.nnc","112408","\jstfcllw\fnnjdr\ccbn","ccbn"
"wwjt.hqb","57326","\jstfcllw\fnnjdr\ccbn","ccbn"
,"0","\jstfcllw\fnnjdr\ccbn\tfsgzdsl","tfsgzdsl"
"bjnvmpc","86067","\jstfcllw\fnnjdr\ccbn\tfsgzdsl","tfsgzdsl"
"gmznt","177455","\jstfcllw\fnnjdr\ccbn\tfsgzdsl","tfsgzdsl"
,"0","\jstfcllw\fnnjdr\llpmvt","llpmvt"
,"0","\jstfcllw\fnnjdr\llpmvt\btjdllpn","btjdllpn"
"btchp","136706","\jstfcllw\fnnjdr\llpmvt\btjdllpn","btjdllpn"
,"0","\jstfcllw\fnnjdr\llpmvt\zgt","zgt"
"vmh.mfd","44873","\jstfcllw\fnnjdr\llpmvt\zgt","zgt"
,"0","\jstfcllw\llpmvt","llpmvt"
"ldj","5472","\jstfcllw\llpmvt","llpmvt"
"npbmlv.zst","128075","\jstfcllw\llpmvt","llpmvt"
"pnrbvd.lcm","138116","\jstfcllw\llpmvt","llpmvt"
,"0","\jstfcllw\lpbrvhw","lpbrvhw"
"pnrbvd.bcg","284468","\jstfcllw\lpbrvhw","lpbrvhw"
"pnrbvd.bdd","46353","\jstfcllw\lpbrvhw","lpbrvhw"
,"0","\jstfcllw\lpbrvhw\pszldqqh","pszldqqh"
"wnwgz.qjp","89993","\jstfcllw\lpbrvhw\pszldqqh","pszldqqh"
,"0","\jstfcllw\lpbrvhw\wdlp","wdlp"
"grgj","104582","\jstfcllw\lpbrvhw\wdlp","wdlp"
"swffpq.nnc","208979","\jstfcllw\lpbrvhw\wdlp","wdlp"
"vhjbdgfj","136509","\jstfcllw\lpbrvhw\wdlp","wdlp"
,"0","\jstfcllw\pnrbvd","pnrbvd"
,"0","\jstfcllw\pnrbvd\jsnfn","jsnfn"
"rpglpmr.zbh","30250","\jstfcllw\pnrbvd\jsnfn","jsnfn"
,"0","\jstfcllw\pnrbvd\smhjmb","smhjmb"
"fpj.trq","270898","\jstfcllw\pnrbvd\smhjmb","smhjmb"
"wnwgz.qjp","63893","\jstfcllw\pnrbvd\smhjmb","smhjmb"
,"0","\lhltq","lhltq"
"jstfcllw.ngw","242417","\lhltq","lhltq"
"rpglpmr.zbh","183883","\lhltq","lhltq"
,"0","\lhltq\dqqcgn","dqqcgn"
"swffpq.nnc","153306","\lhltq\dqqcgn","dqqcgn"
"tpdgtnl","99780","\lhltq\dqqcgn","dqqcgn"
,"0","\lhltq\jstfcllw","jstfcllw"
"mhwcgqzs.mqc","79041","\lhltq\jstfcllw","jstfcllw"
"swffpq.nnc","148785","\lhltq\jstfcllw","jstfcllw"
"wnwgz.qjp","236989","\lhltq\jstfcllw","jstfcllw"
,"0","\lhltq\jstfcllw\jdssgdpv","jdssgdpv"
"bgjwsm.qqc","127036","\lhltq\jstfcllw\jdssgdpv","jdssgdpv"
"nmsvc.fnv","107115","\lhltq\jstfcllw\jdssgdpv","jdssgdpv"
,"0","\lhltq\jstfcllw\nmsvc","nmsvc"
"dvbqm.nfl","91006","\lhltq\jstfcllw\nmsvc","nmsvc"
"tsgcwc.fvj","206666","\lhltq\jstfcllw\nmsvc","nmsvc"
,"0","\lhltq\wwvlv","wwvlv"
"pdq","44003","\lhltq\wwvlv","wwvlv"
,"0","\lhltq\wwvlv\jstfcllw","jstfcllw"
"fcfnptrl","48099","\lhltq\wwvlv\jstfcllw","jstfcllw"
,"0","\llpmvt","llpmvt"
"llpmvt","179597","\llpmvt","llpmvt"
,"0","\llpmvt\ndn","ndn"
"btsc.zmc","220080","\llpmvt\ndn","ndn"
"hhz","190391","\llpmvt\ndn","ndn"
"jvlfb","113172","\llpmvt\ndn","ndn"
"wnwgz.qjp","33050","\llpmvt\ndn","ndn"
,"0","\tgmt","tgmt"
"lml.dnh","53361","\tgmt","tgmt"
"psgvcrdd","44579","\tgmt","tgmt"
,"0","\wcbq","wcbq"
"qgh.qnh","182848","\wcbq","wcbq"
,"0","\wcbq\bjnvmpc","bjnvmpc"
"bbzdcqf","224127","\wcbq\bjnvmpc","bjnvmpc"
"bjnvmpc.zhg","267019","\wcbq\bjnvmpc","bjnvmpc"
"dspvfhr.mmh","263703","\wcbq\bjnvmpc","bjnvmpc"
"ntsqzpp.lnl","3983","\wcbq\bjnvmpc","bjnvmpc"
,"0","\wcbq\bjnvmpc\glwzwcvm","glwzwcvm"
"bjnvmpc.zsj","167421","\wcbq\bjnvmpc\glwzwcvm","glwzwcvm"
,"0","\wcbq\bjnvmpc\glwzwcvm\llpmvt","llpmvt"
"llpmvt.jhw","167790","\wcbq\bjnvmpc\glwzwcvm\llpmvt","llpmvt"
,"0","\wcbq\bjnvmpc\hrjjrrvl","hrjjrrvl"
"crlfnccb.svl","91994","\wcbq\bjnvmpc\hrjjrrvl","hrjjrrvl"
"swffpq.nnc","2227","\wcbq\bjnvmpc\hrjjrrvl","hrjjrrvl"
,"0","\wcbq\bjnvmpc\nqbrm","nqbrm"
"rpglpmr.zbh","165605","\wcbq\bjnvmpc\nqbrm","nqbrm"
,"0","\wcbq\cnwczqp","cnwczqp"
,"0","\wcbq\cnwczqp\cfdn","cfdn"
"gsmhfr","163111","\wcbq\cnwczqp\cfdn","cfdn"
,"0","\wcbq\cnwczqp\cfdn\bjnvmpc","bjnvmpc"
"jstfcllw","257093","\wcbq\cnwczqp\cfdn\bjnvmpc","bjnvmpc"
,"0","\wcbq\cnwczqp\cfdn\phtt","phtt"
"bgvm.mnq","219526","\wcbq\cnwczqp\cfdn\phtt","phtt"
,"0","\wcbq\cnwczqp\jdh","jdh"
,"0","\wcbq\cnwczqp\jdh\wjzzvs","wjzzvs"
"rpglpmr.zbh","135287","\wcbq\cnwczqp\jdh\wjzzvs","wjzzvs"
,"0","\wcbq\dpgwtwp","dpgwtwp"
,"0","\wcbq\dpgwtwp\vmwvpjn","vmwvpjn"
"hdcb.dhp","86191","\wcbq\dpgwtwp\vmwvpjn","vmwvpjn"
"jstfcllw.tdd","140007","\wcbq\dpgwtwp\vmwvpjn","vmwvpjn"
"npbmlv.zst","128243","\wcbq\dpgwtwp\vmwvpjn","vmwvpjn"
,"0","\wcbq\dpgwtwp\vmwvpjn\bjnvmpc","bjnvmpc"
"grgj","8694","\wcbq\dpgwtwp\vmwvpjn\bjnvmpc","bjnvmpc"
"pnrbvd.hdn","166456","\wcbq\dpgwtwp\vmwvpjn\bjnvmpc","bjnvmpc"
,"0","\wcbq\gtsf","gtsf"
"bjnvmpc","231856","\wcbq\gtsf","gtsf"
"bmm.vwc","225380","\wcbq\gtsf","gtsf"
"wnwgz.qjp","279010","\wcbq\gtsf","gtsf"
,"0","\wcbq\gtsf\llpmvt","llpmvt"
"nhbpmvb.pgn","143990","\wcbq\gtsf\llpmvt","llpmvt"
,"0","\wcbq\gtsf\llpmvt\pnrbvd","pnrbvd"
"ghjlw","158450","\wcbq\gtsf\llpmvt\pnrbvd","pnrbvd"
,"0","\wcbq\gtsf\pqm","pqm"
"grgj","147513","\wcbq\gtsf\pqm","pqm"
,"0","\wcbq\nmsvc","nmsvc"
,"0","\wcbq\nmsvc\znlgg","znlgg"
"djdv.gbf","170386","\wcbq\nmsvc\znlgg","znlgg"
